{
 "mlp3": {
  "T4": {
   "drift_floor": [
    -0.05029938218051816,
    -0.04683451084748788
   ],
   "drift_nearest": [
    -0.0030855149930181605,
    -0.004009510847487878
   ],
   "pred_floor_drift": -0.125,
   "novena_plain": 0.9175000190734863,
   "novena_affine_membread": 0.9655000567436218
  },
  "T8": {
   "drift_floor": [
    -0.026748600930518163,
    -0.025478260847487878
   ],
   "drift_nearest": [
    -0.0010420579617681604,
    -0.001965760847487878
   ],
   "pred_floor_drift": -0.0625,
   "novena_plain": 0.9565000534057617,
   "novena_affine_membread": 0.9720000624656677
  },
  "T16": {
   "drift_floor": [
    -0.01424493882114316,
    -0.013790760847487878
   ],
   "drift_nearest": [
    -0.0008904466336431604,
    -0.001703260847487878
   ],
   "pred_floor_drift": -0.03125,
   "novena_plain": 0.9745000600814819,
   "novena_affine_membread": 0.9775000214576721
  },
  "T32": {
   "drift_floor": [
    -0.00793500229770566,
    -0.007776698347487877
   ],
   "drift_nearest": [
    -0.0011189622586431605,
    -0.0016923233474878778
   ],
   "pred_floor_drift": -0.015625,
   "novena_plain": 0.9775000214576721,
   "novena_affine_membread": 0.9760000705718994
  },
  "wire_gain_rms_row": [
   1.009642848775835,
   0.6139425508683382
  ]
 },
 "chain9": {
  "T4": {
   "drift_floor": [
    -0.02444675086335459,
    -0.052767273016058415,
    -0.08205430680978677,
    -0.07906389894088078,
    -0.10327617980275,
    -0.083992132874367,
    -0.08449253465614083,
    -0.07920227513782835
   ],
   "drift_nearest": [
    -0.0010297586758545858,
    -0.0032340698910584085,
    -0.007998642747286757,
    -0.011727961440880777,
    -0.02307207824025,
    -0.024462835999367008,
    -0.03046030809364084,
    -0.043677275137828354
   ],
   "pred_floor_drift": -0.125,
   "novena_plain": 0.9010000228881836,
   "novena_affine_membread": 0.8845000267028809
  },
  "T8": {
   "drift_floor": [
    -0.013535129769604587,
    -0.02903729254730841,
    -0.05012950212228676,
    -0.05510296144088077,
    -0.081145808709,
    -0.073137640686867,
    -0.07859849168739083,
    -0.07659602513782836
   ],
   "drift_nearest": [
    -0.0006108133633545857,
    -0.0018991089535584087,
    -0.0046695411847867555,
    -0.005794367690880774,
    -0.011639949333999998,
    -0.01239594146811701,
    -0.016595561999890842,
    -0.018858525137828354
   ],
   "pred_floor_drift": -0.0625,
   "novena_plain": 0.8640000224113464,
   "novena_affine_membread": 0.9450000524520874
  },
  "T16": {
   "drift_floor": [
    -0.007392063363354586,
    -0.015582458562933409,
    -0.027178086106661756,
    -0.030533137222130777,
    -0.047029353630874994,
    -0.044627142639992005,
    -0.05020298387489083,
    -0.05277102513782835
   ],
   "drift_nearest": [
    -0.0005761453946045857,
    -0.0016195679379334088,
    -0.0033912208722867558,
    -0.0038544262846307745,
    -0.006560603630874997,
    -0.006341986389992009,
    -0.008099468249890841,
    -0.008164775137828355
   ],
   "pred_floor_drift": -0.03125,
   "novena_plain": 0.9630000591278076,
   "novena_affine_membread": 0.971000075340271
  },
  "T32": {
   "drift_floor": [
    -0.004058689339917086,
    -0.008465026922308409,
    -0.014808945481661756,
    -0.016478693862755776,
    -0.025407527459,
    -0.02401984283530451,
    -0.02719480516395334,
    -0.028842900137828358
   ],
   "drift_nearest": [
    -0.0005829813321045857,
    -0.0013965454769959086,
    -0.0026849220441617565,
    -0.002806330581505774,
    -0.004479182732437498,
    -0.004153876038429509,
    -0.004930156726453343,
    -0.004914775137828354
   ],
   "pred_floor_drift": -0.015625,
   "novena_plain": 0.9745000600814819,
   "novena_affine_membread": 0.971500039100647
  },
  "wire_gain_rms_row": [
   1.360458989465153,
   0.7058961163591827,
   0.4845802960583405,
   0.3790702648005716,
   0.44735962850433275,
   0.3813715746412464,
   0.4981112133379819,
   0.6308042379711364
  ]
 },
 "wall_seconds": 22.5
}