{
 "mlp3": {
  "float_acc": 0.9800000190734863,
  "T4": {
   "lt_strict": 0.9515000581741333,
   "le_inclusive": 0.9515000581741333,
   "novena": 0.9175000190734863,
   "novena_membread": 0.968000054359436,
   "wq5_lt": 0.9410000443458557,
   "wq5_le": 0.9410000443458557,
   "phase_stagger": 0.9500000476837158,
   "v0_half": 0.9485000371932983,
   "v0_half_membread": 0.9720000624656677,
   "ramp_membread": 0.9745000600814819
  },
  "T8": {
   "lt_strict": 0.9720000624656677,
   "le_inclusive": 0.9720000624656677,
   "novena": 0.9565000534057617,
   "novena_membread": 0.9725000262260437,
   "wq5_lt": 0.9725000262260437,
   "wq5_le": 0.9725000262260437,
   "phase_stagger": 0.9745000600814819,
   "v0_half": 0.9745000600814819,
   "v0_half_membread": 0.9780000448226929,
   "ramp_membread": 0.9760000705718994
  },
  "T16": {
   "lt_strict": 0.9795000553131104,
   "le_inclusive": 0.9795000553131104,
   "novena": 0.9745000600814819,
   "novena_membread": 0.9780000448226929,
   "wq5_lt": 0.9770000576972961,
   "wq5_le": 0.9770000576972961,
   "phase_stagger": 0.9800000190734863,
   "v0_half": 0.9790000319480896,
   "v0_half_membread": 0.9785000681877136,
   "ramp_membread": 0.9780000448226929
  },
  "T32": {
   "lt_strict": 0.9785000681877136,
   "le_inclusive": 0.9785000681877136,
   "novena": 0.9775000214576721,
   "novena_membread": 0.9785000681877136,
   "wq5_lt": 0.9775000214576721,
   "wq5_le": 0.9775000214576721,
   "phase_stagger": 0.9790000319480896,
   "v0_half": 0.9775000214576721,
   "v0_half_membread": 0.9805000424385071,
   "ramp_membread": 0.9805000424385071
  }
 },
 "chain9": {
  "float_acc": 0.9770000576972961,
  "T4": {
   "lt_strict": 0.9180000424385071,
   "le_inclusive": 0.9180000424385071,
   "novena": 0.9010000228881836,
   "novena_membread": 0.9160000681877136,
   "wq5_lt": 0.9235000610351562,
   "wq5_le": 0.9235000610351562,
   "phase_stagger": 0.9130000472068787,
   "v0_half": 0.9085000157356262,
   "v0_half_membread": 0.9420000314712524,
   "ramp_membread": 0.9440000653266907
  },
  "T8": {
   "lt_strict": 0.968000054359436,
   "le_inclusive": 0.968000054359436,
   "novena": 0.8640000224113464,
   "novena_membread": 0.9655000567436218,
   "wq5_lt": 0.968500018119812,
   "wq5_le": 0.968500018119812,
   "phase_stagger": 0.968500018119812,
   "v0_half": 0.9645000696182251,
   "v0_half_membread": 0.9660000205039978,
   "ramp_membread": 0.9745000600814819
  },
  "T16": {
   "lt_strict": 0.9755000472068787,
   "le_inclusive": 0.9755000472068787,
   "novena": 0.9630000591278076,
   "novena_membread": 0.9745000600814819,
   "wq5_lt": 0.9740000367164612,
   "wq5_le": 0.9740000367164612,
   "phase_stagger": 0.9755000472068787,
   "v0_half": 0.9700000286102295,
   "v0_half_membread": 0.9730000495910645,
   "ramp_membread": 0.9760000705718994
  },
  "T32": {
   "lt_strict": 0.9755000472068787,
   "le_inclusive": 0.9755000472068787,
   "novena": 0.9745000600814819,
   "novena_membread": 0.9755000472068787,
   "wq5_lt": 0.9760000705718994,
   "wq5_le": 0.9760000705718994,
   "phase_stagger": 0.9755000472068787,
   "v0_half": 0.9740000367164612,
   "v0_half_membread": 0.9750000238418579,
   "ramp_membread": 0.9760000705718994
  }
 },
 "wall_seconds": 21.4
}